,Age_x,G_x,MP_x,PTS,TRB,AST,STL,BLK,FG%,3P%,FT%,WS_x,WS/48_x,Pos,PER,TS%,3PAr,FTr,ORB%,DRB%,TRB%,AST%,STL%,BLK%,TOV%,USG%,OWS,DWS,OBPM,DBPM,BPM,VORP,Share
0,27,79,40.0,29.7,13.6,3.8,0.5,3.0,0.574,0.0,0.524,18.6,0.283,C,30.6,0.578,0.001,0.495,11.5,24.8,18.3,19.3,0.6,5.3,9.9,31.2,11.7,7.0,6.2,3.5,9.7,9.3,0.998
1,23,81,40.0,22.9,11.8,5.0,1.5,1.6,0.497,0.37,0.765,11.6,0.172,PF,23.6,0.545,0.053,0.265,7.9,26.6,17.1,21.5,1.9,2.8,13.6,27.4,6.1,5.6,3.1,3.0,6.1,6.6,0.337
2,29,79,34.8,21.7,9.5,1.6,0.5,3.7,0.551,0.0,0.711,12.9,0.226,C,25.8,0.596,0.003,0.492,9.5,21.6,15.9,8.7,0.8,7.8,13.1,28.1,7.3,5.6,1.7,2.9,4.6,4.6,0.303
3,36,82,35.9,25.5,9.5,3.7,1.0,0.9,0.509,0.25,0.797,15.3,0.249,PF,27.1,0.582,0.005,0.501,7.1,24.7,16.1,20.9,1.4,1.9,11.4,31.9,10.7,4.5,5.2,1.7,6.9,6.6,0.258
4,23,74,38.9,23.2,12.4,3.2,0.9,2.2,0.49,0.091,0.761,13.0,0.218,PF,24.8,0.555,0.009,0.471,10.8,24.8,18.1,15.5,1.2,4.0,13.5,28.7,6.7,6.4,2.6,3.5,6.1,5.9,0.205
5,31,82,41.8,24.2,6.5,8.9,1.9,0.2,0.448,0.34,0.735,13.9,0.195,PG,23.6,0.535,0.312,0.254,3.2,13.9,8.5,37.7,2.3,0.4,10.8,26.8,10.5,3.5,6.7,0.1,6.8,7.6,0.149
6,24,70,40.8,28.4,3.8,4.7,2.1,0.1,0.421,0.341,0.713,6.9,0.116,SG,20.0,0.496,0.151,0.358,2.7,7.7,5.2,23.0,2.6,0.1,10.3,34.4,3.3,3.6,3.4,-0.8,2.6,3.3,0.109
7,27,74,37.5,25.8,6.6,5.2,1.4,0.6,0.489,0.347,0.795,10.7,0.185,SF,24.5,0.565,0.069,0.425,4.1,16.4,10.2,26.8,1.9,1.1,12.4,30.5,8.1,2.6,4.6,0.2,4.8,4.7,0.093
8,26,75,38.4,24.5,10.5,4.6,1.6,1.7,0.483,0.284,0.751,10.7,0.179,PF,23.4,0.53,0.061,0.267,6.8,21.8,14.3,21.1,2.0,2.9,11.2,28.2,5.7,5.0,2.8,3.1,5.9,5.7,0.079
9,23,82,38.1,25.7,5.8,3.9,1.3,1.1,0.465,0.403,0.791,11.8,0.182,SF,23.4,0.543,0.139,0.325,5.2,12.1,8.5,20.5,1.8,2.1,8.4,30.0,9.1,2.7,5.2,-0.6,4.6,5.2,0.042
10,26,67,39.0,14.3,7.2,10.1,2.0,0.4,0.409,0.337,0.829,8.5,0.156,PG,18.4,0.498,0.194,0.287,4.2,16.1,10.3,40.1,2.6,0.8,19.0,20.0,3.7,4.8,1.7,2.4,4.1,4.1,0.021
11,21,66,38.2,22.5,6.3,4.9,1.6,0.9,0.468,0.319,0.821,10.6,0.202,SG,21.7,0.546,0.122,0.341,4.6,12.9,8.8,22.4,2.2,1.7,11.8,26.8,6.1,4.5,3.6,1.7,5.3,4.7,0.002
12,31,82,31.6,16.2,3.3,6.1,2.1,0.1,0.433,0.34,0.911,8.0,0.149,PG,19.5,0.542,0.36,0.221,2.7,8.6,5.7,31.4,3.2,0.2,16.8,23.9,4.6,3.4,4.3,0.0,4.4,4.2,0.001
13,26,82,42.2,22.6,6.3,5.3,1.3,0.4,0.457,0.401,0.82,8.3,0.114,SF,19.2,0.522,0.151,0.194,3.8,12.2,8.0,21.3,1.6,0.6,9.9,25.1,6.4,1.9,3.0,-0.7,2.4,3.8,0.001
14,34,81,36.9,18.1,3.0,2.3,1.0,0.3,0.448,0.408,0.919,10.1,0.162,SG,17.3,0.603,0.388,0.39,2.0,6.8,4.5,10.2,1.5,0.6,9.6,20.5,8.0,2.0,4.0,-0.8,3.3,4.0,0.001
15,27,80,37.2,18.2,4.8,4.0,1.1,0.6,0.471,0.393,0.827,7.3,0.118,SF,16.7,0.547,0.164,0.257,1.6,12.5,7.3,18.4,1.5,1.1,12.4,23.2,4.4,2.9,1.6,0.5,2.1,3.1,0.001
0,25,71,42.0,31.1,3.8,4.6,2.5,0.3,0.42,0.32,0.814,11.8,0.19,SG,24.0,0.518,0.169,0.397,1.9,8.3,5.2,23.0,3.2,0.5,10.0,35.9,7.3,4.5,5.0,-0.1,4.8,5.1,0.904
1,24,82,38.7,22.2,12.2,3.0,0.9,2.3,0.499,0.259,0.618,13.2,0.2,PF,23.8,0.536,0.019,0.471,9.7,25.1,17.8,15.3,1.2,4.2,12.5,28.7,6.2,7.1,1.8,3.6,5.4,5.9,0.569
2,28,74,39.5,28.7,12.7,3.7,0.6,2.8,0.572,0.0,0.513,14.9,0.245,C,30.2,0.574,0.001,0.684,11.3,24.8,18.1,18.8,0.8,4.9,10.5,31.6,11.1,3.9,5.7,1.6,7.3,6.8,0.466
3,27,70,40.5,27.1,11.1,4.2,1.3,1.7,0.481,0.071,0.703,11.0,0.186,PF,24.7,0.516,0.017,0.282,7.0,22.1,14.8,20.6,1.7,2.8,9.6,31.6,5.8,5.2,2.6,2.4,4.9,4.9,0.42
4,24,81,39.5,22.0,11.4,5.0,1.4,1.8,0.477,0.288,0.764,11.8,0.176,PF,23.9,0.531,0.045,0.317,7.7,25.3,16.4,21.8,1.8,3.2,12.0,27.0,7.0,4.8,3.0,2.7,5.7,6.2,0.122
5,21,77,40.1,26.8,7.5,4.6,1.5,1.5,0.457,0.355,0.733,12.2,0.189,SG,24.9,0.521,0.096,0.34,6.7,14.3,10.4,22.8,1.9,2.8,9.1,31.2,8.3,3.9,4.7,0.9,5.6,5.9,0.052
6,37,81,35.7,23.2,8.3,4.5,1.1,0.8,0.498,0.4,0.793,13.1,0.217,PF,24.7,0.572,0.004,0.503,5.0,23.3,14.3,24.1,1.7,1.7,12.9,30.0,9.1,4.0,4.2,1.7,5.9,5.8,0.017
7,27,77,39.8,16.9,6.4,9.8,2.2,0.3,0.411,0.297,0.814,9.6,0.15,PG,19.4,0.51,0.211,0.367,3.3,15.2,9.1,41.2,2.8,0.5,18.3,22.7,4.2,5.4,2.7,2.1,4.8,5.3,0.015
8,22,68,40.9,28.5,5.9,5.0,1.7,0.6,0.464,0.305,0.853,11.3,0.196,SG,24.5,0.552,0.132,0.369,4.3,11.8,8.1,23.0,2.1,1.1,11.1,31.8,9.2,2.2,5.3,-1.0,4.2,4.4,0.009
9,35,80,29.6,14.4,8.6,1.5,1.0,2.5,0.486,0.0,0.747,12.1,0.246,C,23.7,0.559,0.001,0.571,10.4,22.0,16.5,8.8,1.8,5.8,10.6,22.8,6.4,5.7,1.4,4.1,5.5,4.5,0.006
10,25,82,38.2,22.0,5.2,4.6,1.5,0.2,0.48,0.433,0.888,13.7,0.211,SG,22.9,0.61,0.357,0.299,3.7,11.8,7.8,20.4,2.1,0.5,12.1,24.4,11.5,2.2,6.5,-0.9,5.6,6.0,0.006
11,24,75,39.7,27.6,5.5,3.9,1.5,1.1,0.46,0.408,0.765,12.9,0.208,SF,25.0,0.551,0.24,0.303,6.5,9.3,7.9,19.2,2.0,1.9,8.2,30.7,10.3,2.6,7.7,-0.6,7.0,6.8,0.006
12,23,82,38.0,25.3,6.4,3.1,1.7,0.8,0.454,0.383,0.745,10.4,0.16,SF,22.3,0.563,0.254,0.488,3.4,16.7,9.8,16.9,2.3,1.7,12.5,30.6,6.9,3.5,3.7,-0.5,3.2,4.1,0.004
13,26,80,40.2,29.8,3.9,5.1,1.2,0.7,0.402,0.351,0.822,9.2,0.137,SG,21.8,0.521,0.245,0.42,3.2,7.3,5.2,25.8,1.5,1.2,12.5,35.2,6.6,2.6,5.3,-1.6,3.7,4.6,0.002
14,27,82,42.0,21.5,5.2,4.4,1.4,0.4,0.458,0.346,0.775,8.5,0.119,SF,18.2,0.521,0.169,0.209,3.6,10.0,6.9,18.3,1.8,0.7,10.1,24.9,5.6,2.9,2.5,-0.2,2.3,3.7,0.001
15,34,80,40.7,16.1,9.6,3.1,1.0,0.3,0.482,0.0,0.781,11.6,0.171,PF,17.4,0.555,0.0,0.497,6.2,21.9,14.1,14.2,1.4,0.6,13.3,20.0,6.0,5.6,0.3,2.3,2.7,3.8,0.001
16,38,82,29.2,11.5,2.8,8.7,1.6,0.3,0.504,0.462,0.817,10.8,0.216,PG,22.3,0.61,0.203,0.427,2.9,8.8,5.9,48.7,2.9,0.7,20.8,18.8,8.2,2.6,4.9,-1.4,3.5,3.3,0.001
0,25,82,40.6,25.5,12.7,3.7,0.7,2.5,0.508,0.1,0.799,17.8,0.257,PF,27.0,0.576,0.007,0.466,9.6,25.9,18.0,18.3,1.0,4.3,12.7,29.0,10.7,7.1,3.9,3.8,7.6,8.1,0.757
1,28,82,37.3,14.7,7.3,9.9,2.1,0.2,0.391,0.321,0.814,8.9,0.14,PG,19.1,0.484,0.32,0.217,4.7,17.2,10.9,42.5,3.0,0.5,18.7,22.5,3.1,5.8,2.8,2.2,5.1,5.4,0.712
2,29,67,36.1,27.2,10.7,3.0,0.6,2.0,0.579,0.0,0.555,13.2,0.262,C,29.7,0.59,0.001,0.583,10.8,21.6,16.3,16.4,0.9,4.1,10.0,31.8,9.2,4.0,5.5,1.5,7.0,5.5,0.552
3,22,76,38.3,25.6,7.9,5.3,1.6,1.0,0.451,0.364,0.748,11.5,0.189,SG,25.1,0.532,0.178,0.35,5.7,17.3,11.5,25.8,2.1,1.8,9.4,31.1,8.1,3.4,5.2,0.8,6.0,5.9,0.31
4,23,80,38.3,25.2,5.5,5.5,1.5,0.4,0.469,0.25,0.829,12.7,0.199,SG,23.2,0.544,0.083,0.369,4.1,11.7,7.9,25.9,2.0,0.8,10.7,30.4,8.9,3.8,4.4,0.1,4.4,5.0,0.078
5,33,82,40.3,22.1,4.8,9.0,1.6,0.3,0.467,0.314,0.797,12.6,0.183,PG,22.9,0.526,0.15,0.212,2.9,11.1,7.1,39.4,2.1,0.6,10.8,27.2,10.1,2.5,5.2,-0.6,4.6,5.5,0.043
6,28,54,38.4,24.5,10.1,4.8,1.7,1.4,0.495,0.263,0.749,8.6,0.2,PF,24.4,0.54,0.018,0.314,7.9,20.1,14.1,21.9,2.2,2.4,11.4,29.0,4.8,3.9,3.3,2.9,6.2,4.3,0.029
7,23,76,38.0,23.4,9.9,2.4,1.1,1.0,0.477,0.397,0.853,13.4,0.222,C,24.1,0.599,0.278,0.41,4.7,24.0,14.5,10.8,1.5,1.9,8.9,25.5,10.2,3.1,4.6,0.1,4.7,4.8,0.025
8,26,60,43.7,31.4,4.5,5.5,2.8,0.2,0.398,0.291,0.812,6.9,0.126,SG,21.9,0.489,0.161,0.351,1.9,9.6,5.8,27.6,3.5,0.4,11.0,37.8,2.6,4.3,3.7,0.2,3.8,3.9,0.023
9,27,80,36.5,7.6,13.0,1.4,1.7,3.5,0.531,0.0,0.423,11.6,0.19,C,18.6,0.522,0.006,0.488,12.9,28.9,21.0,6.2,2.5,6.7,10.7,10.5,4.3,7.2,-0.6,6.5,5.9,5.9,0.019
10,24,82,40.3,26.1,6.9,3.2,1.9,1.0,0.442,0.404,0.809,12.9,0.187,SG,22.3,0.57,0.325,0.402,2.6,16.5,9.4,15.7,2.4,2.0,11.4,29.3,7.3,5.6,3.9,1.0,4.9,5.7,0.017
11,25,81,39.2,21.2,12.1,5.2,1.2,1.6,0.47,0.319,0.801,12.8,0.194,PF,23.8,0.536,0.083,0.32,9.0,26.5,17.8,22.4,1.6,2.9,12.5,26.0,7.9,4.9,3.6,3.1,6.7,7.0,0.013
12,38,60,34.9,22.9,5.7,5.2,1.4,0.4,0.416,0.189,0.79,3.3,0.075,SF,20.7,0.468,0.04,0.252,2.7,16.3,9.4,30.8,2.2,0.9,9.9,36.0,1.2,2.1,2.3,0.1,2.4,2.4,0.013
13,27,82,34.6,17.9,3.1,7.7,0.6,0.0,0.483,0.455,0.887,9.9,0.167,PG,20.7,0.602,0.315,0.269,2.0,7.9,5.0,36.1,1.0,0.1,15.8,23.0,9.5,0.3,5.4,-3.1,2.3,3.1,0.004
14,27,76,35.3,21.4,4.1,5.3,1.0,0.5,0.397,0.287,0.858,5.8,0.104,SF,19.0,0.518,0.227,0.437,3.4,10.4,6.9,28.4,1.5,1.0,14.5,32.3,3.2,2.6,2.0,-1.3,0.7,1.9,0.002
15,23,80,33.2,13.7,2.8,5.0,1.1,0.2,0.453,0.37,0.803,6.3,0.113,PG,14.9,0.513,0.14,0.196,1.5,7.3,4.5,23.0,1.6,0.4,11.1,19.7,3.7,2.6,0.4,-0.8,-0.4,1.1,0.001
16,22,80,37.8,18.2,11.6,2.4,1.0,2.0,0.527,0.0,0.742,13.6,0.216,PF,23.6,0.586,0.0,0.519,15.0,19.6,17.3,11.0,1.4,3.7,12.2,21.1,9.9,3.7,4.1,2.1,6.2,6.2,0.001
17,24,71,37.3,21.2,5.3,2.5,1.1,0.2,0.484,0.416,0.876,9.9,0.179,SF,19.3,0.592,0.274,0.286,3.0,11.9,7.5,10.6,1.5,0.4,9.9,23.2,6.8,3.0,3.4,-0.7,2.7,3.2,0.001
0,26,81,39.3,23.3,12.9,3.9,0.7,2.9,0.513,0.273,0.71,16.5,0.248,PF,26.9,0.564,0.016,0.455,9.9,27.3,19.0,19.5,0.9,5.2,12.9,28.0,9.5,6.9,3.3,4.2,7.4,7.6,0.808
1,26,82,40.5,23.0,13.4,6.0,1.4,1.6,0.502,0.282,0.751,15.6,0.225,PF,26.4,0.553,0.048,0.339,8.6,28.5,18.8,25.8,1.8,2.8,11.9,26.4,9.8,5.8,5.0,3.7,8.7,9.0,0.732
2,24,82,41.5,30.0,6.9,5.9,2.2,0.8,0.451,0.383,0.843,14.9,0.21,SG,26.2,0.55,0.168,0.371,3.5,15.3,9.3,27.2,2.8,1.4,11.4,32.9,11.0,4.0,6.1,0.3,6.4,7.1,0.417
3,23,75,39.4,32.1,6.5,5.5,1.7,0.8,0.457,0.386,0.793,16.1,0.262,SG,30.3,0.564,0.247,0.4,4.6,14.6,9.5,30.0,2.2,1.5,8.4,35.2,13.2,2.9,9.8,-0.1,9.7,8.7,0.359
4,30,67,37.8,27.5,11.1,3.1,0.6,2.4,0.574,0.0,0.622,13.2,0.25,C,29.5,0.602,0.0,0.599,11.4,21.6,16.5,16.2,0.8,4.5,11.4,30.2,10.2,3.0,5.5,0.8,6.3,5.3,0.106
5,27,82,42.5,27.6,4.2,5.5,2.7,0.2,0.414,0.277,0.774,9.2,0.127,SG,21.2,0.5,0.156,0.379,2.3,9.5,5.8,25.1,3.4,0.3,11.2,32.9,5.0,4.2,3.1,-0.3,2.8,4.2,0.07
6,24,80,39.0,25.1,9.9,3.0,1.4,1.0,0.463,0.379,0.881,16.1,0.249,PF,25.6,0.581,0.262,0.368,2.9,25.1,14.0,13.3,1.8,2.0,8.1,27.4,10.8,5.3,4.6,1.0,5.7,6.1,0.036
7,28,73,39.4,6.9,15.4,1.6,1.4,3.2,0.481,0.167,0.45,10.6,0.176,C,17.2,0.486,0.014,0.432,11.9,34.9,23.2,6.9,2.0,5.9,14.5,10.2,2.7,7.9,-1.9,7.0,5.1,5.1,0.028
8,29,80,37.4,18.7,6.3,8.9,2.2,0.3,0.414,0.341,0.841,11.3,0.182,PG,22.2,0.526,0.297,0.324,4.2,15.1,9.6,42.2,3.1,0.6,17.2,25.9,5.5,5.8,4.9,2.0,6.9,6.7,0.026
9,29,67,39.1,23.0,10.5,5.4,1.6,1.3,0.461,0.238,0.607,6.9,0.127,PF,20.9,0.485,0.015,0.247,6.9,21.1,14.4,24.6,2.0,2.2,11.9,30.4,1.7,5.3,0.7,3.1,3.8,3.8,0.016
10,30,82,40.5,21.6,6.1,5.6,1.0,0.2,0.422,0.389,0.848,9.0,0.13,SF,18.0,0.507,0.193,0.233,2.3,15.3,8.7,26.2,1.3,0.4,11.6,27.1,5.4,3.6,2.4,-0.4,2.0,3.3,0.001
11,28,82,33.1,17.7,2.9,7.3,1.0,0.1,0.465,0.413,0.909,11.6,0.206,PG,22.6,0.576,0.241,0.304,2.6,7.0,4.8,36.3,1.6,0.2,13.2,24.4,9.7,1.9,5.5,-2.1,3.3,3.7,0.001
12,25,79,39.2,25.9,7.3,4.4,1.8,0.8,0.416,0.302,0.802,10.1,0.157,SG,22.7,0.532,0.246,0.473,3.8,17.7,10.6,24.2,2.4,1.6,13.0,33.2,5.3,4.8,3.3,0.9,4.2,4.9,0.001
0,27,82,39.4,24.2,13.9,5.0,1.5,2.2,0.499,0.256,0.791,18.3,0.272,PF,29.4,0.547,0.027,0.289,9.1,30.0,20.1,24.4,2.0,4.0,10.5,29.6,10.4,8.0,4.9,5.0,9.9,9.8,0.991
1,27,69,36.6,22.3,12.4,3.1,0.9,2.7,0.501,0.167,0.599,13.1,0.249,PF,27.1,0.534,0.01,0.498,10.2,27.6,19.0,17.4,1.3,5.3,11.3,29.7,5.9,7.2,2.4,4.9,7.3,5.9,0.582
2,25,78,35.7,20.1,10.0,2.1,0.8,2.6,0.434,0.111,0.757,9.0,0.155,PF,21.1,0.489,0.013,0.329,8.1,25.0,16.5,12.3,1.2,5.5,10.1,30.2,2.7,6.3,-1.2,3.0,1.8,2.7,0.425
3,26,81,40.3,24.2,6.3,2.1,1.3,0.2,0.48,0.433,0.927,13.5,0.198,SF,21.8,0.624,0.4,0.307,3.2,14.1,8.8,9.1,1.7,0.3,8.9,23.9,11.4,2.1,5.6,-1.9,3.7,4.7,0.228
4,25,65,37.6,24.0,5.5,5.1,1.7,0.4,0.438,0.327,0.852,10.7,0.21,SG,23.7,0.551,0.184,0.452,4.7,12.0,8.3,24.4,2.4,0.8,10.8,29.1,7.8,3.0,5.5,0.2,5.7,4.7,0.172
5,31,67,36.8,21.5,11.5,2.9,0.5,2.5,0.584,0.0,0.49,9.9,0.192,C,24.4,0.578,0.0,0.713,11.1,24.4,17.7,14.8,0.7,5.0,13.5,26.3,5.9,4.0,2.8,2.6,5.4,4.6,0.145
6,29,81,37.7,9.5,12.4,1.7,1.8,3.0,0.421,0.125,0.49,10.2,0.16,C,17.3,0.441,0.011,0.388,12.5,25.5,19.1,7.7,2.6,6.1,12.3,15.3,1.1,9.1,-1.6,6.8,5.1,5.5,0.02
7,30,67,36.6,15.5,6.4,9.2,1.8,0.2,0.384,0.321,0.827,7.2,0.141,PG,19.7,0.485,0.306,0.26,4.1,16.5,10.3,44.8,2.7,0.4,16.7,24.6,2.8,4.4,3.1,1.5,4.5,4.1,0.014
8,19,79,39.5,20.9,5.5,5.9,1.6,0.7,0.417,0.29,0.754,5.1,0.078,SG,18.3,0.488,0.145,0.308,3.5,11.8,7.6,27.8,2.2,1.3,13.9,28.2,2.4,2.6,2.2,-0.2,1.9,3.1,0.009
9,34,81,35.0,19.8,3.3,7.3,1.3,0.2,0.488,0.398,0.873,12.1,0.205,PG,22.8,0.566,0.146,0.261,1.9,8.7,5.5,38.0,1.9,0.5,13.5,27.2,8.8,3.3,5.3,-1.0,4.3,4.5,0.003
10,24,67,40.1,22.9,4.3,7.5,2.4,0.4,0.395,0.321,0.673,7.5,0.133,PG,20.7,0.492,0.415,0.251,2.7,9.6,6.1,37.9,3.2,0.8,12.1,30.1,4.3,3.2,5.9,-0.2,5.6,5.2,0.003
11,25,77,37.9,21.8,8.7,2.7,1.2,1.4,0.462,0.341,0.877,11.5,0.19,C,22.5,0.561,0.221,0.323,3.3,22.2,12.5,11.3,1.6,2.6,8.3,24.5,9.0,2.5,3.5,0.0,3.4,4.0,0.003
12,22,78,37.1,16.5,8.1,3.1,1.9,2.8,0.443,0.338,0.79,11.6,0.192,PF,22.6,0.559,0.216,0.533,9.5,17.5,13.5,15.7,2.9,6.3,15.8,21.9,6.5,5.0,3.6,4.7,8.2,7.5,0.002
13,19,82,36.5,21.0,6.1,2.8,1.2,0.5,0.426,0.322,0.777,6.1,0.098,SF,17.6,0.509,0.146,0.358,6.8,12.1,9.4,13.8,1.7,1.0,12.7,28.5,3.7,2.4,1.2,-1.2,0.1,1.6,0.001
14,23,82,32.8,17.5,9.0,1.5,0.3,1.9,0.522,0.0,0.809,11.4,0.202,C,21.9,0.586,0.002,0.435,9.1,22.4,16.1,9.3,0.4,4.5,14.3,25.3,6.5,4.8,0.3,1.6,1.9,2.6,0.001
15,24,82,36.8,21.7,5.0,2.3,1.0,0.1,0.44,0.35,0.868,9.7,0.154,SG,19.9,0.544,0.252,0.306,4.4,10.9,7.7,11.3,1.4,0.1,6.6,26.3,8.4,1.3,4.4,-2.2,2.2,3.2,0.001
0,30,75,34.3,15.5,3.3,11.5,1.0,0.1,0.502,0.431,0.887,10.9,0.203,PG,22.0,0.606,0.254,0.278,2.5,7.6,5.2,49.2,1.4,0.2,20.3,20.5,9.7,1.2,4.5,-2.9,1.7,2.4,0.839
1,32,73,34.1,22.9,10.4,2.7,0.5,2.3,0.601,0.0,0.461,11.0,0.211,C,27.0,0.583,0.0,0.699,12.4,22.8,17.8,15.7,0.8,5.0,12.4,30.5,6.4,4.6,3.3,2.3,5.6,4.7,0.813
2,26,78,38.7,26.1,9.7,3.1,1.2,1.5,0.459,0.399,0.869,15.6,0.248,PF,26.1,0.578,0.158,0.49,3.6,24.0,14.0,14.3,1.7,2.9,9.1,28.7,10.3,5.2,4.0,1.7,5.7,5.9,0.275
3,28,66,33.4,20.3,11.1,2.7,0.7,2.6,0.496,0.333,0.67,11.2,0.245,PF,27.0,0.54,0.009,0.437,10.7,28.2,19.4,16.1,1.1,5.7,9.3,28.9,5.5,5.7,1.9,4.5,6.4,4.7,0.258
4,29,75,42.3,30.7,4.0,7.9,2.4,0.1,0.424,0.308,0.835,9.0,0.136,PG,23.2,0.532,0.186,0.432,1.8,8.9,5.3,37.6,2.9,0.2,13.7,35.0,5.3,3.7,4.8,-0.5,4.3,5.0,0.189
5,20,80,42.4,27.2,7.4,7.2,2.2,0.7,0.472,0.351,0.75,14.3,0.203,SF,25.7,0.554,0.183,0.378,3.8,17.0,10.2,32.9,2.8,1.1,11.8,29.7,9.7,4.6,6.9,1.5,8.3,8.8,0.073
6,25,78,40.8,25.7,6.2,5.7,1.7,0.7,0.431,0.326,0.774,12.0,0.18,SF,22.9,0.526,0.262,0.336,2.7,14.8,8.9,28.6,2.3,1.3,9.5,31.2,6.5,5.4,4.9,1.9,6.8,7.0,0.035
7,23,77,38.6,24.1,5.2,6.8,1.6,1.1,0.478,0.289,0.762,11.0,0.177,SG,23.1,0.561,0.034,0.578,4.5,10.8,7.8,31.0,2.2,2.0,16.3,30.9,6.7,4.3,3.1,1.4,4.4,4.8,0.034
8,22,80,36.1,26.0,8.9,1.6,1.0,1.6,0.559,0.188,0.733,14.6,0.243,C,26.6,0.617,0.012,0.595,8.5,17.4,13.2,7.7,1.3,3.0,10.1,28.3,11.3,3.3,3.4,0.0,3.4,3.9,0.032
9,29,78,39.3,23.9,4.4,3.7,1.1,0.1,0.428,0.376,0.883,10.7,0.168,SG,20.9,0.555,0.372,0.286,3.2,10.7,6.9,18.1,1.5,0.1,9.2,28.0,9.7,1.0,5.6,-1.9,3.7,4.4,0.032
10,28,82,38.1,22.2,13.5,5.7,1.5,1.4,0.502,0.24,0.811,16.1,0.248,PF,28.2,0.567,0.018,0.404,9.5,30.2,20.3,27.1,2.1,2.6,12.2,27.1,10.1,6.0,5.3,4.4,9.7,9.3,0.012
11,23,80,40.9,25.5,4.7,5.1,1.7,0.3,0.431,0.365,0.814,11.5,0.169,PG,21.3,0.565,0.369,0.42,2.8,10.5,6.5,22.9,2.2,0.5,11.8,27.3,9.2,2.3,5.5,-1.5,4.0,4.9,0.003
12,28,77,36.7,24.5,5.2,4.2,1.4,0.6,0.452,0.406,0.798,9.4,0.159,SF-SG,22.9,0.541,0.203,0.299,4.4,12.6,8.4,25.7,2.1,1.3,8.8,31.6,5.9,3.5,5.3,0.0,5.3,5.2,0.002
13,28,77,36.7,24.5,5.2,4.2,1.4,0.6,0.452,0.406,0.798,9.4,0.159,SG,17.0,0.475,0.195,0.238,5.1,7.2,6.1,18.5,2.1,1.8,6.2,26.7,0.5,0.4,1.2,-1.1,0.1,0.3,0.002
14,28,77,36.7,24.5,5.2,4.2,1.4,0.6,0.452,0.406,0.798,9.4,0.159,SF,24.5,0.556,0.205,0.313,4.2,14.1,9.1,27.6,2.0,1.2,9.4,32.9,5.4,3.1,6.4,0.3,6.7,4.8,0.002
15,35,82,34.4,10.8,9.0,2.2,0.9,0.6,0.446,0.0,0.864,6.9,0.118,PF,15.5,0.512,0.0,0.321,10.7,20.6,15.5,11.2,1.4,1.4,10.5,15.9,4.0,2.9,-0.5,1.7,1.3,2.3,0.001
16,30,66,30.5,10.3,10.0,2.3,0.9,3.0,0.465,0.0,0.723,5.8,0.138,C,18.0,0.505,0.007,0.288,7.5,30.1,18.9,12.0,1.6,7.4,13.2,17.2,1.2,4.5,-2.4,5.8,3.4,2.8,0.001
17,26,81,38.8,19.4,11.3,1.9,2.0,1.5,0.476,0.334,0.833,12.5,0.191,PF,21.7,0.556,0.265,0.213,8.4,22.0,15.5,7.5,2.6,2.5,8.1,21.3,7.3,5.2,2.7,2.2,4.9,5.5,0.001
0,31,79,35.4,18.8,4.2,10.5,0.8,0.2,0.512,0.439,0.921,12.4,0.212,PG,23.3,0.632,0.324,0.264,1.9,11.1,6.6,44.4,1.1,0.3,19.0,23.3,10.3,2.1,5.4,-1.6,3.7,4.0,0.739
1,21,79,42.5,31.4,7.0,6.6,1.6,0.8,0.48,0.335,0.738,16.3,0.232,SF,28.1,0.568,0.208,0.447,2.6,17.1,9.8,32.8,2.0,1.5,10.7,33.6,12.0,4.3,7.9,1.4,9.3,9.5,0.55
2,27,81,38.1,26.6,9.0,2.8,0.7,1.0,0.48,0.406,0.901,17.7,0.275,PF,28.1,0.589,0.173,0.382,4.6,23.4,14.2,14.7,1.0,2.1,7.9,30.0,13.5,4.3,5.8,-0.1,5.7,6.0,0.435
3,27,80,41.0,35.4,5.3,4.5,1.8,0.4,0.45,0.347,0.85,15.3,0.224,SG,28.0,0.559,0.238,0.377,2.6,12.7,7.6,24.1,2.4,0.7,9.0,38.7,11.6,3.7,7.3,-1.5,5.8,6.5,0.386
4,29,81,36.1,18.5,3.1,8.6,0.9,0.1,0.418,0.433,0.894,15.5,0.254,PG,23.4,0.602,0.42,0.514,1.6,8.7,5.1,39.3,1.3,0.2,12.0,22.9,12.7,2.8,6.9,-2.2,4.7,4.9,0.344
5,24,75,38.6,27.2,5.7,6.7,1.9,0.8,0.495,0.171,0.783,14.4,0.239,SG,27.6,0.577,0.054,0.568,4.5,12.6,8.7,33.0,2.6,1.5,13.2,32.5,10.2,4.2,5.9,1.6,7.5,7.0,0.07
6,26,79,39.2,24.7,10.0,2.6,1.0,2.5,0.527,0.333,0.775,14.8,0.229,PF,26.5,0.58,0.002,0.396,9.3,19.9,14.8,13.1,1.4,4.9,9.3,27.7,9.3,5.5,3.6,2.6,6.3,6.5,0.04
7,29,80,34.8,18.6,11.0,3.2,0.9,2.0,0.484,0.4,0.629,10.8,0.187,PF,23.1,0.523,0.004,0.45,10.1,26.9,18.7,16.5,1.4,4.2,12.2,27.7,3.9,6.9,0.2,4.3,4.6,4.6,0.026
8,23,80,33.9,18.9,3.3,5.8,1.0,0.1,0.548,0.306,0.707,9.6,0.169,PG,20.8,0.584,0.032,0.315,1.7,9.5,5.7,32.2,1.7,0.1,16.1,27.1,5.5,4.1,2.6,0.0,2.6,3.1,0.007
9,30,72,43.1,33.0,3.2,7.4,1.9,0.1,0.447,0.323,0.814,10.6,0.165,PG,25.9,0.543,0.122,0.455,1.7,7.1,4.4,34.9,2.3,0.2,10.2,35.8,8.8,1.8,6.0,-2.5,3.5,4.3,0.001
10,27,81,40.3,21.8,11.8,1.8,2.0,1.7,0.525,0.331,0.809,14.6,0.214,PF,23.6,0.591,0.212,0.218,8.7,23.6,16.3,6.8,2.5,2.9,7.7,22.3,8.6,5.9,2.9,2.3,5.3,5.9,0.001
0,28,78,36.2,24.6,8.9,3.4,0.7,0.8,0.502,0.416,0.904,16.3,0.278,PF,27.6,0.605,0.129,0.411,5.3,23.9,14.8,17.8,1.0,1.7,9.5,28.9,11.8,4.5,5.4,1.3,6.7,6.2,0.882
1,32,76,35.3,18.6,3.5,11.6,0.8,0.1,0.532,0.455,0.899,12.6,0.225,PG,23.8,0.654,0.353,0.254,1.4,9.9,5.8,50.1,1.1,0.2,21.0,22.9,10.8,1.7,6.1,-2.3,3.8,3.9,0.785
2,28,77,40.8,31.6,5.7,5.4,1.4,0.5,0.463,0.344,0.868,13.0,0.199,SG,26.1,0.58,0.227,0.437,2.8,13.5,8.2,25.5,1.8,0.9,10.9,33.6,10.8,2.2,6.1,-1.4,4.7,5.3,0.404
3,30,80,34.1,20.0,10.6,3.4,0.8,2.4,0.546,0.111,0.637,13.0,0.23,C,26.1,0.579,0.008,0.502,9.8,27.0,18.8,18.8,1.3,5.1,14.0,27.9,6.3,6.8,2.0,5.1,7.1,6.3,0.222
4,22,78,40.9,27.3,6.7,6.0,1.6,0.7,0.476,0.319,0.698,13.7,0.206,SF,24.5,0.552,0.191,0.432,3.0,16.6,9.6,29.1,2.1,1.3,11.5,31.0,8.0,5.7,5.4,2.0,7.4,7.6,0.142
5,27,71,35.8,24.6,5.3,6.5,1.3,0.5,0.431,0.331,0.707,8.6,0.163,SG,23.2,0.515,0.257,0.33,2.6,14.5,8.6,37.5,1.9,1.1,11.2,35.0,4.1,4.5,4.6,1.6,6.2,5.2,0.085
6,22,69,38.5,22.6,10.7,2.5,0.6,1.3,0.496,0.343,0.785,9.6,0.174,C,22.6,0.577,0.032,0.539,8.1,24.8,16.4,11.7,0.8,2.6,11.7,26.7,6.1,3.5,1.3,1.3,2.6,3.1,0.033
7,25,74,39.8,28.4,4.6,6.0,1.9,0.2,0.418,0.351,0.844,10.8,0.177,PG,24.0,0.565,0.377,0.464,2.3,11.1,6.6,27.2,2.4,0.3,11.2,31.4,9.3,1.5,7.0,-2.0,5.0,5.2,0.024
8,25,74,34.6,20.9,11.7,3.0,0.9,0.3,0.561,0.0,0.685,9.9,0.185,PF,24.1,0.588,0.0,0.322,11.2,29.9,20.6,16.6,1.4,0.7,12.8,26.5,6.5,3.4,3.4,1.2,4.6,4.3,0.005
9,30,76,39.4,22.4,12.8,4.1,1.2,1.7,0.476,0.214,0.835,10.7,0.171,PF,24.1,0.546,0.042,0.371,7.5,30.8,19.5,19.5,1.6,3.2,11.6,27.4,5.7,4.9,1.8,3.2,5.0,5.2,0.005
10,30,70,36.2,17.0,3.4,7.2,1.2,0.2,0.427,0.345,0.883,11.4,0.216,PG,21.3,0.591,0.388,0.536,1.1,10.0,5.6,32.9,1.8,0.5,12.2,21.5,8.7,2.7,5.4,-0.9,4.4,4.1,0.003
11,34,40,28.4,17.3,7.4,2.0,0.2,1.4,0.591,0.0,0.422,2.8,0.119,C,21.7,0.567,0.0,0.614,10.3,20.3,15.4,14.3,0.4,3.8,13.5,29.4,1.4,1.5,0.4,0.4,0.9,0.8,0.002
12,25,51,37.9,27.4,4.7,7.5,2.1,1.2,0.491,0.266,0.807,8.8,0.219,SG,28.9,0.583,0.082,0.556,3.2,11.2,7.3,40.5,3.0,2.5,15.3,34.7,5.9,2.9,6.5,1.9,8.4,5.1,0.002
13,24,82,32.8,20.4,9.6,1.0,1.0,1.3,0.575,0.0,0.781,11.2,0.201,C,23.1,0.637,0.003,0.555,10.1,23.3,17.0,5.0,1.5,2.9,15.0,25.8,7.2,4.0,0.9,0.7,1.6,2.4,0.002
14,22,65,38.2,28.9,6.0,3.8,1.2,0.4,0.476,0.268,0.808,7.3,0.14,SF,22.1,0.552,0.103,0.391,6.6,11.1,8.9,19.2,1.5,0.7,12.1,33.4,5.2,2.1,3.1,-1.1,2.0,2.5,0.001
15,27,63,35.3,20.1,4.4,8.1,2.1,0.5,0.439,0.304,0.745,6.4,0.139,PG,21.0,0.53,0.272,0.358,2.5,11.3,6.8,36.9,2.9,1.0,13.9,26.5,4.1,2.3,3.5,0.0,3.4,3.1,0.001
16,24,77,32.5,18.6,3.2,5.5,1.1,0.1,0.52,0.395,0.783,9.6,0.185,PG,21.4,0.572,0.035,0.319,1.7,10.0,6.0,31.7,1.8,0.2,13.3,27.4,5.8,3.9,2.5,0.1,2.7,3.0,0.001
0,29,82,38.9,28.3,6.3,5.4,1.8,0.5,0.459,0.361,0.84,13.8,0.208,SG,24.2,0.576,0.246,0.439,3.4,14.1,9.0,23.9,2.4,0.9,11.3,31.4,9.5,4.3,5.1,0.3,5.4,6.0,0.873
1,22,80,37.6,21.1,4.0,11.6,2.7,0.1,0.488,0.369,0.851,17.8,0.284,PG,28.3,0.576,0.193,0.302,2.4,10.3,6.2,52.2,3.9,0.1,12.1,25.7,13.2,4.6,8.3,0.9,9.2,8.5,0.71
2,31,71,32.8,18.8,9.2,3.4,1.4,1.3,0.539,0.0,0.801,12.9,0.265,PF,25.3,0.588,0.011,0.339,7.3,25.1,16.8,19.9,2.3,3.1,10.8,25.5,6.6,6.2,2.7,4.7,7.4,5.5,0.532
3,23,75,40.4,30.0,7.9,7.2,1.8,1.1,0.484,0.315,0.712,15.2,0.242,SF,29.1,0.568,0.219,0.47,4.9,17.8,11.1,37.3,2.4,2.1,11.4,33.5,10.7,4.6,9.0,2.3,11.2,10.1,0.348
4,22,82,37.7,20.7,14.2,1.3,0.9,2.1,0.599,0.0,0.59,12.9,0.2,C,22.9,0.619,0.004,0.921,10.9,31.6,21.7,6.1,1.2,4.2,16.1,24.2,6.4,6.4,-0.2,2.5,2.2,3.3,0.048
5,25,79,33.9,25.2,9.1,1.5,0.8,2.1,0.59,0.161,0.805,14.6,0.262,C,27.6,0.656,0.026,0.571,8.2,21.1,15.2,7.5,1.2,4.0,10.3,28.2,10.9,3.8,3.5,0.4,3.9,4.0,0.021
6,31,78,34.0,19.3,11.3,2.8,0.7,1.9,0.497,0.0,0.73,11.1,0.201,C,24.4,0.546,0.003,0.393,10.7,28.3,19.6,15.7,1.1,4.3,11.4,28.2,4.9,6.2,0.7,4.1,4.7,4.5,0.02
7,28,66,37.0,21.6,5.1,5.9,1.0,0.5,0.419,0.292,0.684,5.8,0.115,SG,18.4,0.487,0.226,0.274,2.0,13.5,7.8,29.6,1.5,0.9,9.8,30.4,2.0,3.8,1.7,0.7,2.4,2.7,0.015
8,33,81,34.3,16.9,3.5,11.1,0.7,0.1,0.504,0.47,0.906,10.5,0.181,PG,21.1,0.641,0.396,0.255,1.2,9.6,5.7,47.3,0.9,0.1,21.6,22.0,9.0,1.4,4.8,-3.2,1.6,2.6,0.014
9,30,74,31.1,19.5,4.8,4.5,1.5,0.4,0.46,0.401,0.86,11.1,0.232,SG,24.3,0.612,0.395,0.449,3.3,14.7,9.1,26.4,2.6,1.1,14.5,28.7,6.6,4.5,6.1,1.9,8.1,5.9,0.007
10,29,77,36.0,23.6,8.6,3.5,0.7,0.9,0.479,0.359,0.879,12.9,0.223,PF,24.6,0.585,0.167,0.414,4.1,22.8,13.8,17.8,1.0,1.9,9.3,28.8,8.9,4.0,4.2,0.9,5.2,5.0,0.004
11,23,82,37.3,18.8,3.0,10.5,1.1,0.3,0.507,0.395,0.803,11.3,0.177,PG,20.8,0.595,0.188,0.368,1.4,8.3,4.9,43.6,1.5,0.6,17.7,23.1,8.9,2.3,4.3,-2.2,2.1,3.2,0.003
12,23,77,36.4,25.7,7.4,3.4,1.3,0.5,0.492,0.354,0.786,8.2,0.14,SF,21.1,0.568,0.111,0.398,7.0,14.9,11.0,16.1,1.7,1.0,12.7,30.2,5.2,3.0,2.2,-0.6,1.6,2.6,0.002
13,26,81,34.9,21.1,10.4,2.9,1.2,0.5,0.547,0.0,0.738,10.2,0.173,PF,21.9,0.581,0.001,0.303,8.6,27.7,18.2,14.2,1.8,1.2,12.5,26.6,5.9,4.3,1.9,1.3,3.2,3.7,0.001
14,31,79,38.7,21.4,10.2,1.5,1.3,0.4,0.436,0.339,0.76,9.2,0.144,PF,20.3,0.525,0.25,0.309,8.0,23.3,15.4,7.2,1.9,0.9,6.6,25.9,6.0,3.2,1.8,-1.4,0.3,1.8,0.001
15,30,80,35.9,19.6,5.1,4.5,1.3,0.5,0.464,0.392,0.843,12.4,0.207,SF,19.6,0.599,0.332,0.442,2.3,14.0,8.5,21.8,1.9,1.0,14.4,24.8,6.7,5.7,3.3,1.5,4.7,4.9,0.001
16,33,77,30.5,12.7,6.6,1.8,1.2,1.7,0.432,0.356,0.767,7.6,0.155,C,17.2,0.523,0.362,0.172,4.3,21.8,13.0,9.7,2.1,4.3,8.4,20.5,2.5,5.1,0.6,3.4,4.0,3.6,0.001
0,24,81,37.7,28.4,7.6,7.2,1.7,1.1,0.489,0.344,0.78,20.3,0.318,SF,31.7,0.591,0.238,0.472,4.3,19.0,11.9,38.0,2.4,2.4,11.0,33.8,13.7,6.5,9.4,3.6,13.0,11.6,0.969
1,30,82,36.1,26.8,5.2,4.9,1.5,0.5,0.467,0.351,0.856,12.7,0.206,SG,24.4,0.561,0.196,0.329,3.5,12.8,8.2,23.8,2.1,1.0,9.7,32.2,8.6,4.0,4.8,-0.2,4.5,4.9,0.577
2,27,79,38.6,30.2,5.0,7.5,2.2,1.3,0.491,0.317,0.765,14.7,0.232,SG,30.4,0.574,0.16,0.443,3.5,12.2,7.8,40.3,3.0,2.8,11.6,36.2,10.3,4.4,8.7,2.0,10.7,9.7,0.562
3,23,79,35.7,20.6,13.8,1.4,1.0,2.9,0.572,0.0,0.594,13.8,0.234,C,25.4,0.6,0.002,0.867,13.8,29.5,21.8,7.3,1.4,5.9,15.1,26.1,6.2,7.6,0.1,4.3,4.4,4.6,0.271
4,23,78,38.5,22.8,5.5,11.0,2.8,0.1,0.503,0.364,0.868,18.3,0.292,PG,30.0,0.599,0.14,0.418,2.8,14.6,8.7,54.5,3.9,0.3,13.5,27.5,13.3,5.0,9.1,2.1,11.2,10.0,0.159
5,32,79,35.3,17.7,3.0,6.4,1.2,0.2,0.418,0.408,0.913,10.1,0.174,PG,18.8,0.592,0.405,0.467,1.4,8.4,5.0,28.9,1.7,0.5,13.0,21.7,7.9,2.2,4.2,-1.7,2.5,3.2,0.027
6,32,79,35.3,17.7,3.0,6.4,1.2,0.2,0.418,0.408,0.913,10.1,0.174,PG,17.5,0.492,0.333,0.476,1.7,15.5,8.5,33.0,2.4,1.1,13.6,20.0,0.1,0.1,0.3,0.1,0.4,0.0,0.027
7,32,79,35.3,17.7,3.0,6.4,1.2,0.2,0.418,0.408,0.913,10.1,0.174,PG,18.8,0.595,0.407,0.467,1.4,8.2,4.9,28.8,1.7,0.5,13.0,21.8,7.8,2.1,4.3,-1.7,2.5,3.1,0.027
8,31,81,37.5,20.5,5.6,3.6,1.0,0.3,0.457,0.391,0.83,10.3,0.164,SF,17.7,0.582,0.257,0.468,2.4,15.4,9.2,16.3,1.4,0.7,13.8,25.4,5.5,4.8,1.7,0.7,2.5,3.4,0.017
9,26,72,34.1,22.0,3.1,6.9,0.9,0.1,0.506,0.292,0.782,8.6,0.168,PG,23.4,0.556,0.051,0.287,1.3,9.4,5.4,40.1,1.5,0.1,11.6,31.7,5.6,3.0,3.9,-0.8,3.1,3.2,0.007
10,24,78,37.2,22.6,4.7,5.1,1.1,0.3,0.48,0.377,0.824,13.5,0.223,SG,24.0,0.573,0.167,0.383,4.4,11.6,7.9,25.4,1.7,0.6,9.0,27.4,10.9,2.6,5.9,-0.2,5.8,5.7,0.006
11,30,81,37.7,25.9,8.4,2.4,0.8,0.8,0.479,0.359,0.89,10.9,0.171,PF,23.1,0.564,0.105,0.337,3.3,22.1,12.8,12.1,1.0,1.5,7.8,30.3,7.5,3.4,1.9,-0.7,1.2,2.4,0.002
12,32,75,33.7,19.3,10.7,3.5,0.5,1.7,0.504,0.0,0.692,10.1,0.191,C,24.4,0.549,0.002,0.436,9.6,27.9,18.9,19.3,0.8,3.7,11.1,28.5,5.0,5.0,1.1,3.5,4.6,4.2,0.002
13,28,77,33.6,19.7,9.9,1.8,0.4,1.9,0.548,1.0,0.866,10.6,0.196,C,22.7,0.618,0.001,0.426,9.6,24.1,17.1,10.0,0.6,4.2,16.0,26.2,5.6,5.0,0.6,2.4,3.0,3.3,0.001
0,25,76,39.0,29.7,7.3,8.6,1.6,1.0,0.503,0.333,0.767,18.5,0.299,SF,31.1,0.604,0.253,0.506,3.0,18.5,11.1,41.8,2.2,2.0,12.3,33.5,13.3,5.2,9.7,2.8,12.5,10.9,0.98
1,21,82,39.5,30.1,7.6,2.8,1.4,1.0,0.476,0.365,0.9,16.1,0.238,SF,26.2,0.607,0.21,0.504,3.8,17.9,11.0,13.5,1.8,1.9,11.7,32.0,11.1,5.0,4.9,0.2,5.1,5.8,0.495
2,31,73,38.8,27.0,5.4,5.0,1.5,0.3,0.456,0.329,0.811,9.4,0.16,SG,21.9,0.545,0.192,0.345,3.1,12.2,7.7,23.8,2.1,0.5,11.4,32.3,5.4,4.0,3.6,-0.1,3.6,4.0,0.487
3,24,82,34.7,18.3,13.2,1.8,0.9,2.8,0.612,0.0,0.592,13.2,0.223,C,24.0,0.63,0.008,0.978,12.0,31.3,22.0,8.7,1.4,6.0,18.7,23.9,6.1,7.1,0.4,5.0,5.5,5.4,0.389
4,28,77,36.3,26.6,4.8,6.5,1.8,1.1,0.476,0.3,0.761,13.0,0.224,SG,28.0,0.562,0.161,0.465,4.5,11.1,7.8,36.4,2.7,2.4,12.2,34.9,8.5,4.6,7.4,2.0,9.4,8.0,0.097
5,25,69,38.2,28.2,6.6,3.2,1.3,0.4,0.458,0.316,0.83,7.9,0.145,SF,22.2,0.548,0.125,0.407,6.7,13.1,9.9,15.9,1.7,0.9,10.6,33.4,5.6,2.4,2.7,-1.3,1.4,2.3,0.053
6,31,81,37.5,25.0,7.7,2.7,0.9,1.0,0.481,0.421,0.915,12.3,0.194,PF,22.9,0.578,0.081,0.392,3.1,20.1,11.7,13.0,1.2,2.0,7.8,28.8,8.4,3.9,2.3,0.3,2.6,3.5,0.045
7,35,81,32.8,16.5,3.3,11.0,0.5,0.1,0.507,0.426,0.938,9.9,0.178,PG,21.6,0.615,0.295,0.228,1.5,9.4,5.7,50.9,0.8,0.3,21.4,22.9,9.1,0.8,4.9,-3.1,1.8,2.6,0.04
8,25,76,36.9,18.7,4.0,10.5,1.3,0.2,0.469,0.371,0.801,10.3,0.177,PG,20.6,0.574,0.246,0.397,2.2,10.4,6.4,44.5,1.8,0.5,16.9,23.8,7.4,3.0,4.3,-1.0,3.3,3.7,0.006
9,27,82,34.6,23.1,8.9,1.0,0.6,1.0,0.557,0.167,0.771,10.7,0.181,PF,22.6,0.615,0.005,0.5,9.7,18.9,14.5,4.8,0.9,2.1,12.1,27.3,8.2,2.5,1.6,-1.3,0.3,1.6,0.004
10,32,75,28.7,16.5,3.8,4.9,1.4,0.3,0.441,0.377,0.87,9.7,0.216,SG,22.5,0.584,0.388,0.393,3.8,11.6,7.7,28.2,2.5,0.8,12.7,25.8,6.5,3.2,5.6,0.7,6.3,4.5,0.002
11,33,73,34.1,19.5,3.1,5.6,1.1,0.1,0.418,0.386,0.91,9.5,0.182,PG,20.2,0.601,0.423,0.532,1.2,9.3,5.3,26.1,1.7,0.3,13.0,24.3,7.7,1.7,5.0,-1.9,3.1,3.2,0.001
12,25,70,36.1,24.0,10.8,2.4,0.6,1.0,0.518,0.364,0.797,9.6,0.182,C,25.0,0.592,0.019,0.509,9.9,25.2,17.7,11.5,0.9,2.1,10.7,28.7,7.9,1.7,3.0,-0.7,2.3,2.7,0.001
13,31,81,38.6,20.6,5.0,3.7,1.6,0.5,0.423,0.328,0.779,5.0,0.077,SG-PF,15.6,0.518,0.277,0.306,3.0,12.2,7.7,17.7,2.2,1.1,13.9,27.5,0.5,4.6,0.3,0.5,0.8,2.2,0.001
14,31,81,38.6,20.6,5.0,3.7,1.6,0.5,0.423,0.328,0.779,5.0,0.077,PF,14.5,0.499,0.301,0.278,2.2,10.9,6.5,21.3,2.2,1.4,14.8,25.0,-0.1,0.2,-1.1,-1.5,-2.6,0.0,0.001
15,31,81,38.6,20.6,5.0,3.7,1.6,0.5,0.423,0.328,0.779,5.0,0.077,SG,15.7,0.52,0.275,0.309,3.1,12.3,7.8,17.3,2.2,1.1,13.8,27.8,0.6,4.4,0.5,0.7,1.2,2.3,0.001
16,28,76,38.0,21.3,4.6,4.9,1.1,0.1,0.458,0.369,0.818,8.4,0.14,SG,19.3,0.538,0.253,0.194,3.0,11.4,7.1,22.0,1.5,0.1,8.8,26.3,6.0,2.4,3.5,-1.3,2.2,3.0,0.001
0,22,81,37.4,25.0,4.1,7.7,1.0,0.6,0.445,0.332,0.858,13.1,0.208,PG,23.5,0.55,0.241,0.348,3.2,9.4,6.4,38.7,1.5,1.3,13.1,32.2,8.3,4.8,5.8,0.1,5.9,6.0,0.977
1,25,78,37.6,22.9,14.1,1.4,1.4,2.4,0.593,0.0,0.596,14.4,0.235,C,26.1,0.616,0.007,0.877,12.6,30.6,21.8,6.8,1.9,4.9,16.2,27.2,6.7,7.7,0.9,3.9,4.8,5.0,0.531
2,26,79,38.8,26.7,7.5,7.0,1.6,0.6,0.51,0.33,0.759,15.6,0.244,SF,27.3,0.594,0.188,0.446,3.3,18.7,11.4,34.9,2.1,1.3,13.8,31.5,10.3,5.3,6.5,2.1,8.6,8.2,0.431
3,32,82,33.9,25.3,5.1,4.7,1.2,0.1,0.451,0.323,0.828,10.3,0.178,SG,23.9,0.548,0.217,0.356,3.5,13.3,8.5,26.7,1.9,0.3,11.4,35.1,6.8,3.5,4.7,-0.9,3.8,4.1,0.354
4,22,78,38.9,27.7,6.8,2.7,1.1,1.0,0.462,0.35,0.88,12.0,0.189,SF,23.6,0.589,0.269,0.439,2.3,17.7,10.3,13.2,1.5,1.8,10.6,30.6,8.6,3.3,3.7,-0.8,2.9,3.7,0.157
5,32,73,34.3,23.0,7.0,2.6,0.5,0.6,0.517,0.393,0.892,11.1,0.213,PF,23.4,0.612,0.142,0.376,2.4,20.8,12.0,14.2,0.8,1.4,9.1,28.2,7.8,3.3,3.2,0.6,3.8,3.7,0.093
6,29,76,37.1,25.5,6.4,4.6,1.5,1.1,0.5,0.306,0.758,12.8,0.218,SG,25.6,0.581,0.149,0.471,5.5,14.4,10.2,23.5,2.1,2.4,12.4,31.6,8.1,4.7,4.4,1.5,5.9,5.7,0.02
7,33,80,30.3,17.4,3.7,4.9,1.5,0.4,0.433,0.349,0.871,9.9,0.195,SG,21.7,0.581,0.433,0.403,2.1,11.8,7.1,26.4,2.6,0.8,12.7,26.0,6.6,3.2,4.9,0.4,5.3,4.5,0.017
8,28,78,36.8,25.3,8.2,2.6,0.9,1.9,0.502,0.435,0.792,8.0,0.134,C,22.7,0.565,0.016,0.403,7.8,17.6,12.7,13.2,1.2,3.8,12.5,30.9,5.4,2.6,0.8,-0.1,0.7,1.9,0.007
9,21,82,38.0,22.5,12.1,3.8,0.8,0.5,0.506,0.292,0.642,9.8,0.152,PF,21.9,0.549,0.017,0.505,10.2,26.9,18.6,18.7,1.0,1.1,11.7,27.3,6.5,3.4,2.2,0.9,3.2,4.0,0.004
10,24,68,37.2,10.6,4.4,11.2,2.3,0.2,0.475,0.233,0.568,6.6,0.126,PG,17.1,0.495,0.064,0.197,4.5,9.7,7.2,47.1,3.2,0.3,24.3,18.3,1.8,4.8,0.3,1.7,2.0,2.5,0.004
11,28,78,32.4,17.5,3.1,6.6,1.2,0.0,0.519,0.357,0.769,8.2,0.156,PG,20.4,0.569,0.065,0.283,1.4,9.3,5.5,35.2,1.9,0.1,14.3,25.5,5.8,2.4,2.5,-0.8,1.7,2.4,0.002
12,25,80,36.0,15.9,4.1,9.8,2.4,0.1,0.463,0.388,0.878,13.9,0.232,PG,23.7,0.578,0.197,0.414,1.6,12.3,6.9,45.8,3.5,0.1,13.9,21.1,9.5,4.4,5.4,1.0,6.4,6.1,0.002
0,27,62,37.5,27.1,7.9,6.2,1.9,0.8,0.531,0.362,0.771,14.5,0.298,SF,30.7,0.605,0.127,0.429,5.0,19.7,12.6,33.6,2.6,1.7,13.3,32.0,10.0,4.5,8.3,2.7,11.0,7.6,0.888
1,23,66,38.6,28.0,8.0,3.5,1.3,1.2,0.496,0.387,0.86,12.2,0.23,SF,26.2,0.61,0.265,0.386,1.9,20.4,11.8,17.5,1.8,2.2,14.0,31.3,8.5,3.7,4.7,0.5,5.2,4.6,0.735
2,26,60,36.4,19.8,3.6,9.1,2.5,0.1,0.478,0.371,0.861,12.7,0.278,PG,27.0,0.581,0.239,0.339,2.3,9.4,5.8,43.8,3.8,0.2,10.8,24.3,10.4,2.3,8.0,-0.1,7.9,5.4,0.318
3,33,58,38.5,27.9,5.4,4.6,1.2,0.3,0.43,0.303,0.845,6.2,0.132,SG,21.9,0.527,0.215,0.338,3.5,11.8,7.8,23.7,1.6,0.6,11.7,35.7,4.2,2.0,3.6,-1.4,2.3,2.4,0.291
4,29,60,32.1,18.3,2.9,7.7,1.0,0.1,0.48,0.23,0.799,7.1,0.177,PG,22.0,0.539,0.069,0.319,1.3,8.7,5.1,40.3,1.5,0.2,13.1,27.7,5.5,1.6,3.2,-1.5,1.7,1.8,0.274
5,23,55,39.0,26.0,13.3,2.0,0.9,0.5,0.448,0.372,0.824,10.0,0.223,PF,25.4,0.568,0.266,0.434,11.6,26.4,19.0,10.0,1.1,0.9,9.2,28.8,7.6,2.3,5.1,-0.6,4.5,3.5,0.048
6,26,54,38.3,20.6,14.5,1.9,1.5,2.1,0.573,0.0,0.491,7.7,0.179,C,24.2,0.569,0.01,0.788,11.0,33.1,21.9,9.8,2.1,4.4,15.2,26.1,3.3,4.4,0.1,3.7,3.8,3.0,0.011
7,25,53,36.9,11.9,4.8,11.7,1.8,0.1,0.448,0.238,0.597,4.9,0.121,PG,17.5,0.483,0.073,0.316,3.9,11.2,7.7,52.5,2.6,0.1,22.8,20.7,1.5,3.4,0.6,0.7,1.3,1.6,0.01
8,37,62,31.6,12.5,3.0,10.7,0.6,0.1,0.532,0.39,0.894,5.9,0.144,PG,20.3,0.625,0.254,0.256,1.5,9.1,5.3,53.1,1.0,0.3,27.1,19.6,5.2,0.6,2.9,-3.5,-0.5,0.7,0.006
9,30,49,33.2,22.1,4.8,4.6,1.7,1.3,0.497,0.268,0.791,7.7,0.227,SG,26.3,0.559,0.067,0.355,5.6,11.6,8.7,27.3,2.7,3.1,11.8,31.3,4.8,2.9,4.5,1.8,6.3,3.4,0.005
10,23,39,35.3,21.8,3.4,7.9,0.9,0.7,0.435,0.312,0.812,6.0,0.211,PG,23.0,0.532,0.249,0.344,2.1,8.4,5.3,40.3,1.4,1.4,12.9,30.5,4.1,2.0,5.5,-0.6,4.9,2.4,0.004
11,33,62,33.5,21.6,6.7,2.2,0.7,0.5,0.457,0.368,0.896,7.6,0.175,PF,21.7,0.564,0.205,0.343,2.5,19.9,11.3,12.6,1.1,1.2,9.0,29.2,5.0,2.6,2.3,-0.5,1.8,2.0,0.003
12,23,66,35.3,23.6,4.6,5.5,1.7,0.3,0.457,0.316,0.823,7.9,0.163,PG,22.9,0.538,0.155,0.326,5.0,9.4,7.4,29.8,2.5,0.7,14.2,32.7,5.5,2.4,3.7,-0.5,3.2,3.0,0.003
13,35,58,28.2,15.4,9.0,2.3,0.7,1.5,0.492,0.0,0.695,5.9,0.174,C,22.5,0.531,0.005,0.34,7.9,28.2,18.3,13.5,1.2,3.9,10.3,26.2,3.0,2.9,-0.2,2.6,2.4,1.8,0.002
14,30,60,35.5,18.8,3.7,3.9,0.8,0.2,0.454,0.388,0.849,6.4,0.145,SG,18.4,0.557,0.346,0.2,2.9,9.2,6.1,19.7,1.2,0.5,10.3,24.9,4.4,2.1,3.4,-1.4,2.1,2.2,0.001
0,28,76,37.9,26.8,8.0,7.3,1.7,0.9,0.565,0.406,0.753,19.3,0.322,PF,31.6,0.64,0.188,0.395,4.4,20.8,13.1,36.4,2.4,1.9,12.4,30.2,14.6,4.7,9.2,2.4,11.6,9.8,0.998
1,24,81,38.5,28.1,7.9,4.6,1.4,1.3,0.51,0.416,0.905,18.9,0.291,SF,28.3,0.647,0.233,0.523,1.8,20.3,11.8,21.7,1.9,2.6,13.7,29.8,13.6,5.3,6.2,1.4,7.7,7.6,0.632
2,28,67,37.0,28.7,6.9,2.6,0.8,0.5,0.449,0.379,0.83,9.5,0.184,PF,24.8,0.56,0.278,0.344,6.1,15.9,10.8,14.1,1.1,1.1,9.3,35.6,7.5,2.0,4.7,-2.3,2.4,2.8,0.393
3,27,70,33.4,16.9,3.7,9.7,2.4,0.1,0.481,0.328,0.885,13.9,0.287,PG,26.4,0.594,0.271,0.377,2.8,10.5,6.7,46.5,3.8,0.4,13.7,22.6,10.6,3.4,7.2,0.3,7.5,5.6,0.239
4,34,78,38.6,27.3,5.6,6.0,1.4,0.3,0.463,0.324,0.839,10.9,0.174,SG,23.0,0.57,0.255,0.392,2.5,13.1,7.9,29.7,1.8,0.6,13.3,31.9,8.4,2.6,5.2,-0.5,4.7,5.1,0.152
5,30,66,32.9,20.3,3.0,7.6,0.8,0.1,0.522,0.353,0.845,9.3,0.206,PG,23.0,0.588,0.068,0.332,1.0,9.1,5.3,40.4,1.3,0.2,13.0,27.7,7.1,2.3,4.1,-1.4,2.7,2.6,0.071
6,36,69,30.1,17.8,9.9,2.7,0.7,2.7,0.502,0.286,0.817,8.3,0.191,C,24.4,0.554,0.007,0.307,7.3,29.6,19.1,15.5,1.2,6.4,11.7,27.8,3.4,4.9,-0.5,4.6,4.1,3.2,0.054
7,23,78,38.3,25.9,4.9,5.8,1.8,0.5,0.438,0.368,0.851,12.8,0.206,SG,23.0,0.6,0.364,0.592,2.4,11.9,7.2,25.7,2.4,1.0,14.9,29.0,9.8,3.0,5.4,0.1,5.5,5.7,0.027
8,24,82,34.9,23.2,5.2,7.4,1.8,0.3,0.438,0.323,0.8,11.6,0.195,PG,23.9,0.532,0.195,0.375,4.8,11.8,8.6,38.4,2.6,0.6,13.2,32.8,7.7,3.9,4.7,0.3,5.0,5.1,0.007
9,31,69,34.7,21.2,5.0,5.1,1.9,0.8,0.521,0.258,0.725,9.6,0.192,SG,24.0,0.571,0.06,0.389,4.7,12.6,8.9,26.6,2.8,1.9,13.2,29.5,6.1,3.5,2.8,1.1,3.9,3.5,0.004
10,24,78,38.2,22.9,4.0,6.9,1.6,0.2,0.451,0.453,0.9,11.2,0.18,PG,21.3,0.589,0.432,0.21,2.3,9.1,5.8,31.1,2.1,0.3,13.7,26.4,8.4,2.8,6.3,-0.9,5.4,5.6,0.002
11,36,68,29.7,14.8,7.8,2.3,1.1,0.9,0.496,0.125,0.786,5.6,0.133,C,19.2,0.535,0.019,0.236,4.5,25.8,15.5,14.4,2.0,2.4,10.5,24.5,1.8,3.8,-1.2,2.3,1.0,1.5,0.001
12,28,80,35.0,14.1,7.8,4.0,1.0,1.7,0.494,0.071,0.848,11.5,0.197,C,19.5,0.559,0.016,0.364,7.6,18.9,13.1,19.1,1.6,4.1,13.5,19.2,6.1,5.4,1.7,4.4,6.1,5.7,0.001
13,25,73,34.4,16.7,2.7,6.9,1.5,0.1,0.461,0.366,0.756,7.4,0.141,PG,17.9,0.549,0.239,0.32,1.6,7.1,4.4,30.2,2.1,0.2,14.1,22.3,5.6,1.8,3.0,-1.5,1.4,2.2,0.001
14,29,79,36.8,18.5,11.2,3.5,0.8,0.3,0.519,0.0,0.797,9.1,0.15,PF,19.2,0.561,0.003,0.276,8.5,24.5,16.8,16.5,1.2,0.6,13.7,23.2,5.4,3.7,1.1,1.5,2.5,3.3,0.001
15,27,66,36.8,11.9,11.1,4.0,1.2,2.1,0.481,0.0,0.751,7.3,0.145,C,18.1,0.534,0.008,0.376,12.2,22.6,17.3,17.6,1.7,4.4,19.3,17.2,2.7,4.7,0.1,5.1,5.2,4.4,0.001
0,25,81,38.5,32.0,7.4,5.5,1.3,0.7,0.503,0.391,0.873,19.2,0.295,SF,29.8,0.635,0.291,0.477,2.2,18.6,10.8,26.7,1.7,1.5,12.2,33.0,14.8,4.4,8.4,0.4,8.8,8.5,0.986
1,29,77,37.7,27.1,6.9,6.3,1.6,0.3,0.567,0.379,0.75,15.9,0.264,PF,29.3,0.649,0.226,0.432,3.6,18.9,11.5,32.0,2.2,0.8,14.4,31.0,12.3,3.7,8.0,0.9,8.9,8.0,0.713
2,24,80,35.8,24.1,9.5,3.9,1.2,0.6,0.528,0.273,0.715,12.2,0.205,PF,23.9,0.583,0.032,0.496,7.7,21.2,14.7,19.2,1.6,1.4,11.9,29.0,8.1,4.1,3.0,1.6,4.6,4.8,0.347
3,28,80,35.3,12.6,11.3,5.4,1.2,1.5,0.475,0.0,0.737,11.2,0.19,C,20.0,0.531,0.003,0.419,11.6,24.5,18.2,26.4,1.9,3.3,17.0,18.7,4.5,6.6,1.1,5.5,6.6,6.1,0.258
4,24,73,38.0,25.4,4.7,6.1,1.6,0.4,0.456,0.366,0.866,12.8,0.221,SG,23.5,0.618,0.401,0.552,2.6,10.7,6.9,27.3,2.1,0.8,15.0,27.8,10.1,2.7,6.2,-0.5,5.7,5.4,0.068
5,25,78,36.5,24.0,4.3,8.5,1.6,0.2,0.471,0.424,0.885,13.4,0.225,PG,24.1,0.61,0.445,0.252,1.8,10.9,6.4,39.9,2.2,0.4,16.1,28.3,9.3,4.0,7.4,0.0,7.4,6.7,0.053
6,28,62,35.0,19.1,4.3,10.7,2.5,0.1,0.467,0.368,0.855,12.2,0.27,PG,25.9,0.58,0.244,0.397,2.0,11.4,6.9,48.9,3.5,0.1,12.4,23.7,9.0,3.2,6.8,0.6,7.4,5.2,0.036
7,29,73,35.0,21.8,10.8,2.1,0.9,1.1,0.509,0.2,0.69,7.8,0.146,C,22.7,0.532,0.011,0.201,6.9,28.3,17.5,12.8,1.4,2.4,7.6,29.3,3.1,4.7,0.3,1.5,1.8,2.5,0.027
8,23,80,36.2,21.7,6.8,3.5,1.9,0.3,0.424,0.364,0.864,10.8,0.178,SF,20.1,0.555,0.367,0.341,2.6,17.7,10.5,17.9,2.7,0.6,12.5,28.3,4.4,6.4,2.9,1.8,4.7,4.9,0.026
9,28,69,36.2,23.2,11.1,2.6,0.9,1.0,0.458,0.2,0.822,7.5,0.144,PF,21.8,0.507,0.011,0.253,7.2,25.5,16.5,13.0,1.3,1.9,7.2,29.8,4.0,3.5,-0.4,0.7,0.3,1.5,0.021
10,25,77,36.3,26.1,12.5,4.4,0.8,0.5,0.457,0.376,0.821,14.3,0.245,PF,26.9,0.591,0.355,0.445,8.5,29.5,18.7,21.4,1.0,1.0,10.3,28.8,10.6,3.7,7.2,1.2,8.4,7.3,0.02
11,37,74,29.2,15.1,9.7,3.0,0.6,1.9,0.49,0.0,0.731,7.4,0.164,C,21.3,0.535,0.006,0.349,8.6,28.3,18.8,16.0,1.0,4.6,13.2,25.2,2.8,4.6,-0.9,4.0,3.2,2.8,0.017
12,31,68,29.4,16.7,2.3,5.7,0.5,0.1,0.499,0.373,0.811,5.9,0.141,PG,18.9,0.555,0.073,0.266,1.0,7.5,4.4,31.7,0.9,0.3,12.9,26.5,3.9,1.9,1.3,-1.8,-0.5,0.8,0.017
13,35,80,32.9,21.7,6.2,2.7,0.9,0.6,0.497,0.398,0.899,10.9,0.199,PF,23.6,0.603,0.258,0.295,1.8,20.0,10.9,14.2,1.4,1.4,7.5,26.9,8.6,2.3,4.1,-0.8,3.3,3.5,0.006
14,29,77,38.7,27.4,8.1,3.1,1.2,0.7,0.452,0.402,0.848,10.7,0.172,PF,24.4,0.561,0.253,0.329,5.6,19.4,12.3,15.8,1.7,1.5,9.5,32.4,8.1,2.5,4.6,-1.0,3.6,4.2,0.003
15,27,76,35.1,20.3,3.2,5.9,1.4,0.3,0.505,0.408,0.76,10.3,0.186,SG,21.4,0.604,0.274,0.381,2.9,7.4,5.2,28.1,2.0,0.6,14.3,24.5,8.4,2.0,4.9,-1.1,3.9,4.0,0.002
16,26,73,33.5,17.2,2.9,6.0,1.5,0.2,0.45,0.361,0.815,8.2,0.161,PG,20.0,0.545,0.283,0.268,2.0,8.4,5.2,30.1,2.4,0.4,11.5,24.6,5.5,2.7,4.1,-0.7,3.4,3.3,0.001
0,26,80,32.7,23.8,4.3,7.7,2.0,0.2,0.487,0.443,0.914,15.7,0.288,PG,28.0,0.638,0.482,0.251,2.4,11.4,7.0,38.6,3.0,0.5,14.3,28.9,11.5,4.1,9.6,0.3,9.9,7.9,0.922
1,25,81,36.8,27.4,5.7,7.0,1.9,0.7,0.44,0.375,0.868,16.4,0.265,SG,26.7,0.605,0.378,0.561,2.8,14.2,8.5,34.6,2.6,1.6,14.9,31.3,12.2,4.2,7.4,1.0,8.4,7.8,0.72
2,30,69,36.1,25.3,6.0,7.4,1.6,0.7,0.488,0.354,0.71,10.4,0.199,SF,25.9,0.577,0.265,0.413,2.4,16.6,9.6,38.6,2.3,1.6,15.3,32.3,7.4,2.9,6.2,1.2,7.4,5.9,0.425
3,26,67,34.4,28.1,7.3,8.6,2.1,0.2,0.426,0.299,0.835,10.6,0.222,PG,29.1,0.536,0.196,0.445,5.9,16.7,11.4,47.0,3.0,0.5,14.3,38.4,7.5,3.2,8.8,2.2,11.0,7.6,0.271
4,21,68,36.1,24.4,10.2,2.2,1.5,2.9,0.535,0.083,0.805,14.0,0.274,PF,30.8,0.591,0.01,0.384,8.0,24.1,16.1,11.6,2.1,6.2,6.3,27.8,9.9,4.2,4.2,3.0,7.1,5.7,0.156
5,29,82,34.8,19.1,4.6,10.2,1.9,0.2,0.485,0.398,0.9,16.1,0.27,PG,26.0,0.596,0.298,0.274,2.1,12.5,7.4,47.4,2.8,0.4,12.7,23.7,12.9,3.2,7.5,0.0,7.5,6.9,0.095
6,29,71,35.4,23.4,10.2,1.7,0.7,1.0,0.466,0.352,0.845,8.6,0.165,PF,22.8,0.528,0.074,0.256,7.7,22.9,15.5,9.2,1.0,1.9,7.2,30.2,4.9,3.7,0.3,0.0,0.3,1.4,0.005
7,30,81,33.2,17.4,7.8,3.8,0.9,1.6,0.494,0.176,0.795,10.2,0.182,C,21.7,0.558,0.016,0.41,4.9,21.8,13.4,19.7,1.4,4.0,12.2,24.6,5.5,4.7,1.3,3.5,4.8,4.6,0.002
8,25,67,35.2,21.9,7.6,5.3,0.9,0.5,0.502,0.4,0.728,9.0,0.183,PF,22.8,0.551,0.022,0.373,6.1,17.9,12.1,26.2,1.4,1.2,10.2,28.4,6.6,2.4,3.1,1.0,4.1,3.6,0.002
9,38,77,28.9,13.9,9.1,3.0,0.8,2.0,0.512,0.286,0.74,9.6,0.207,C,22.6,0.56,0.009,0.38,8.8,26.7,17.9,16.8,1.4,5.1,12.1,22.2,4.9,4.7,0.8,4.7,5.5,4.2,0.001
10,23,64,31.8,16.5,7.2,2.5,2.3,0.8,0.479,0.349,0.802,8.6,0.204,SF,22.0,0.567,0.234,0.307,4.8,20.6,12.9,13.0,3.7,1.8,9.4,23.0,4.2,4.4,2.6,3.5,6.1,4.1,0.001
11,24,77,31.9,21.7,3.2,2.9,1.1,0.8,0.463,0.439,0.879,8.8,0.172,SG,20.8,0.591,0.42,0.197,1.2,9.4,5.4,14.6,1.7,1.8,9.5,27.6,5.7,3.1,3.6,-1.0,2.7,2.9,0.001
0,27,79,34.2,30.1,5.4,6.7,2.1,0.2,0.504,0.454,0.908,17.9,0.318,PG,31.5,0.669,0.554,0.25,2.9,13.6,8.6,33.7,3.0,0.4,12.9,32.6,13.8,4.1,12.4,0.1,12.5,9.8,1.0
1,24,72,33.1,21.2,6.8,2.6,1.8,1.0,0.506,0.443,0.874,13.7,0.277,SF,26.0,0.616,0.267,0.306,4.7,18.4,11.8,13.0,2.8,2.3,7.8,25.8,8.3,5.5,5.5,2.8,8.3,6.2,0.484
2,31,76,35.6,25.3,7.4,6.8,1.4,0.6,0.52,0.309,0.731,13.6,0.242,SF,27.5,0.588,0.199,0.347,4.7,18.8,11.8,36.0,2.0,1.5,13.2,31.4,9.6,4.0,6.9,2.3,9.1,7.6,0.482
3,27,80,34.4,23.5,7.8,10.4,2.0,0.3,0.454,0.296,0.812,14.0,0.245,PG,27.6,0.554,0.236,0.397,6.1,18.1,12.4,49.6,2.9,0.6,16.8,31.6,10.0,4.0,7.6,2.4,10.0,8.3,0.371
4,27,72,35.8,28.2,8.2,5.0,1.0,1.2,0.505,0.387,0.898,14.5,0.27,SF,28.2,0.634,0.348,0.361,2.0,21.8,12.4,24.2,1.3,2.5,13.5,30.6,11.0,3.5,7.0,0.9,7.9,6.4,0.112
5,30,74,32.7,19.5,4.2,10.0,2.1,0.2,0.462,0.371,0.896,12.7,0.253,PG,26.2,0.575,0.295,0.294,1.8,12.0,7.0,52.7,3.1,0.4,13.4,27.1,9.2,3.5,7.3,0.5,7.8,6.0,0.082
6,25,81,34.7,14.0,9.5,7.4,1.5,1.4,0.49,0.388,0.696,11.1,0.19,PF,19.3,0.587,0.315,0.402,5.5,23.0,14.7,29.0,2.0,3.0,21.2,18.8,6.0,5.1,2.0,3.9,5.8,5.5,0.038
7,25,75,35.7,25.1,4.0,6.8,0.9,0.4,0.419,0.375,0.892,9.2,0.165,PG,22.2,0.56,0.414,0.315,1.8,10.4,6.1,33.6,1.2,0.8,12.6,31.3,7.7,1.4,5.9,-2.2,3.7,3.8,0.02
8,26,82,38.1,29.0,6.1,7.5,1.7,0.6,0.439,0.359,0.86,13.3,0.204,SG,25.3,0.598,0.406,0.518,2.2,15.6,8.8,35.4,2.2,1.4,15.9,32.5,10.7,2.6,7.1,-0.4,6.7,6.9,0.007
9,29,77,37.0,21.2,4.7,6.4,2.1,0.4,0.427,0.388,0.811,11.6,0.196,PG,22.2,0.578,0.457,0.41,2.2,12.3,7.3,29.9,2.9,1.0,13.7,26.1,8.0,3.7,6.2,0.6,6.8,6.3,0.005
0,28,81,34.6,31.6,10.7,10.4,1.6,0.4,0.425,0.343,0.845,13.1,0.224,PG,30.6,0.554,0.3,0.433,5.4,28.8,17.1,57.3,2.3,0.9,15.9,41.7,8.5,4.6,10.9,4.7,15.6,12.4,0.879
1,27,81,36.4,29.1,8.1,11.2,1.5,0.5,0.44,0.347,0.847,15.0,0.245,PG,27.4,0.613,0.493,0.575,3.5,20.9,12.2,50.7,2.0,1.0,19.5,34.2,11.5,3.6,8.7,1.5,10.1,9.0,0.746
2,25,74,33.4,25.5,5.8,3.5,1.8,0.7,0.485,0.38,0.88,13.6,0.264,SF,27.6,0.61,0.295,0.406,3.7,15.7,9.8,18.9,2.7,1.8,9.1,31.1,8.9,4.7,6.4,1.5,7.9,6.2,0.495
3,32,74,37.8,26.4,8.6,8.7,1.2,0.6,0.548,0.363,0.674,12.9,0.221,SF,27.0,0.619,0.254,0.395,4.0,20.7,12.6,41.3,1.6,1.3,16.1,30.0,9.8,3.0,6.8,1.6,8.4,7.3,0.33
4,27,76,33.8,28.9,2.7,5.9,0.9,0.2,0.463,0.379,0.909,12.5,0.234,PG,26.5,0.625,0.439,0.441,1.9,7.0,4.4,32.5,1.4,0.4,10.7,34.0,10.9,1.6,8.7,-3.3,5.4,4.8,0.08
5,28,79,33.4,25.3,4.5,6.6,1.8,0.2,0.468,0.411,0.898,12.6,0.229,PG,24.6,0.624,0.547,0.251,2.7,11.4,7.3,31.2,2.6,0.5,13.0,30.1,8.7,3.9,7.8,-0.4,7.3,6.2,0.051
6,22,80,35.6,22.9,8.8,5.4,1.6,1.9,0.521,0.272,0.77,12.4,0.21,SF,26.1,0.599,0.143,0.486,5.9,22.6,14.3,26.6,2.3,4.7,13.3,28.3,7.9,4.5,4.1,3.5,7.6,6.9,0.007
7,26,78,36.4,23.1,4.2,10.7,2.0,0.6,0.451,0.327,0.801,8.8,0.149,PG,23.2,0.541,0.19,0.367,2.4,10.6,6.5,46.9,2.7,1.4,16.2,30.6,5.8,3.0,3.8,0.2,4.1,4.3,0.007
8,23,75,36.1,28.0,11.8,2.1,1.3,2.2,0.505,0.299,0.802,11.0,0.195,C,27.5,0.58,0.088,0.424,6.7,27.9,17.2,11.1,1.7,5.1,9.1,32.6,5.9,5.1,1.4,2.3,3.7,3.9,0.002
9,28,62,33.4,25.1,8.3,4.8,1.1,1.6,0.537,0.375,0.875,12.0,0.278,PF,27.6,0.651,0.304,0.374,2.2,23.6,13.6,23.1,1.5,3.8,10.4,27.8,8.0,4.0,5.4,2.6,8.0,5.2,0.002
10,27,74,35.4,27.3,5.2,3.9,1.1,0.2,0.467,0.266,0.842,9.0,0.166,SG,24.0,0.552,0.08,0.419,3.0,13.6,8.3,20.6,1.5,0.4,9.0,34.3,6.7,2.4,2.4,-1.5,0.9,1.9,0.001
0,24,72,32.8,27.7,12.5,5.9,1.3,1.5,0.578,0.256,0.729,14.4,0.292,PF,30.9,0.644,0.163,0.55,7.3,30.0,19.3,30.3,1.8,3.9,14.8,32.3,8.9,5.5,6.3,4.1,10.4,7.4,0.932
1,29,78,36.8,36.1,6.6,7.5,2.0,0.7,0.442,0.368,0.879,15.2,0.254,PG,30.6,0.616,0.539,0.449,2.5,17.8,10.0,39.5,2.7,1.7,14.5,40.5,11.4,3.8,9.4,1.6,11.0,9.3,0.768
2,28,77,36.9,28.0,8.2,4.1,2.2,0.4,0.438,0.386,0.839,11.9,0.201,SF,23.3,0.583,0.469,0.335,3.7,19.6,11.4,17.7,2.8,1.0,10.0,29.5,7.0,4.9,5.6,1.6,7.2,6.6,0.352
3,23,80,31.3,20.1,10.8,7.3,1.4,0.7,0.511,0.307,0.821,11.8,0.226,C,26.3,0.589,0.224,0.292,9.8,27.6,18.7,37.0,2.1,1.9,15.4,27.4,7.5,4.3,6.2,2.9,9.1,7.0,0.21
4,30,69,33.8,27.3,5.3,5.2,1.3,0.4,0.472,0.437,0.916,9.7,0.199,PG,24.4,0.641,0.604,0.214,2.2,14.2,8.4,24.2,1.9,0.9,11.6,30.4,7.2,2.5,7.1,-0.5,6.6,5.1,0.173
5,28,80,35.5,25.8,4.6,6.9,1.1,0.4,0.444,0.369,0.912,12.1,0.205,PG,23.7,0.588,0.419,0.335,2.6,11.1,7.0,30.6,1.5,1.0,10.8,29.3,9.7,2.4,6.6,-0.3,6.4,6.0,0.068
6,24,64,33.7,27.5,13.6,3.7,0.7,1.9,0.484,0.3,0.804,8.7,0.194,C,26.1,0.593,0.219,0.541,8.1,34.0,21.4,18.4,1.0,4.4,13.2,33.3,4.9,3.8,4.0,0.9,4.9,3.8,0.049
7,30,78,34.6,26.0,6.4,5.9,0.7,1.1,0.521,0.353,0.885,11.5,0.204,SF,24.2,0.631,0.281,0.366,1.4,17.5,9.8,26.2,1.0,2.6,12.3,29.0,8.6,2.9,5.4,0.1,5.5,5.1,0.025
8,27,60,34.0,26.6,7.3,3.3,1.8,0.4,0.496,0.371,0.854,9.5,0.224,SF,25.8,0.606,0.267,0.377,4.2,18.6,11.6,16.4,2.5,1.0,8.4,30.3,6.1,3.4,6.1,1.1,7.2,4.7,0.013
9,30,73,36.0,22.9,11.1,10.7,1.9,0.5,0.428,0.29,0.656,6.8,0.124,PG,21.1,0.501,0.279,0.306,4.1,28.3,15.8,46.5,2.5,1.1,16.3,30.9,1.8,5.0,2.8,2.4,5.2,4.7,0.008
10,26,81,31.8,15.9,12.9,2.0,0.8,2.3,0.669,0.0,0.636,14.4,0.268,C,24.6,0.682,0.0,0.733,13.2,30.2,21.9,9.6,1.2,5.8,12.1,17.8,8.7,5.7,3.0,2.5,5.4,4.8,0.001
11,34,55,35.2,27.4,8.5,8.3,1.3,0.6,0.51,0.339,0.665,7.2,0.179,SF,25.6,0.588,0.299,0.382,3.1,21.3,12.4,39.4,1.7,1.4,13.3,31.6,4.7,2.6,6.4,1.7,8.0,4.9,0.001
0,25,63,30.4,29.5,13.6,5.6,1.0,1.0,0.553,0.304,0.633,11.1,0.279,PF,31.9,0.613,0.237,0.508,7.7,34.8,22.1,34.2,1.5,3.0,13.2,37.5,6.1,5.0,7.4,4.1,11.5,6.6,0.952
1,35,67,34.6,25.3,7.8,10.2,1.2,0.5,0.493,0.348,0.693,9.8,0.204,PG,25.5,0.577,0.326,0.292,3.2,21.5,12.4,49.1,1.6,1.4,15.1,31.5,6.2,3.6,6.6,1.8,8.4,6.1,0.746
2,30,68,36.5,34.3,6.6,7.5,1.8,0.9,0.444,0.355,0.865,13.1,0.254,SG,29.1,0.626,0.557,0.528,2.9,16.0,9.4,35.9,2.3,2.1,14.2,36.3,9.9,3.2,8.1,1.6,9.6,7.3,0.363
3,20,61,33.6,28.8,9.4,8.8,1.0,0.2,0.463,0.316,0.758,8.8,0.207,PG,27.6,0.585,0.431,0.448,4.1,25.0,14.7,45.7,1.5,0.6,14.8,36.8,6.5,2.3,7.4,1.0,8.4,5.4,0.198
4,28,57,32.4,27.1,7.1,4.9,1.8,0.6,0.47,0.378,0.886,8.7,0.226,SF,26.9,0.589,0.287,0.355,3.1,19.1,11.3,26.4,2.6,1.6,10.2,33.0,5.4,3.3,6.5,2.4,8.9,5.1,0.166
5,26,62,34.4,26.1,9.3,3.2,1.5,2.3,0.503,0.33,0.846,11.1,0.25,PF,27.4,0.61,0.199,0.479,7.4,22.1,14.8,15.1,2.0,6.0,10.4,29.3,6.7,4.4,5.4,2.6,8.0,5.4,0.081
6,34,70,31.5,17.6,5.0,6.7,1.6,0.2,0.489,0.365,0.907,8.9,0.193,PG,21.7,0.61,0.343,0.315,1.3,15.7,8.7,34.0,2.4,0.4,13.8,23.3,5.9,3.0,3.0,1.4,4.4,3.5,0.026
7,29,66,37.5,30.0,4.3,8.0,1.1,0.3,0.463,0.401,0.888,11.6,0.225,PG,26.9,0.627,0.5,0.384,1.4,10.5,6.0,34.4,1.3,0.8,11.0,30.3,10.9,0.7,8.3,-0.9,7.5,5.9,0.023
8,24,73,32.0,19.9,9.7,7.0,1.2,0.6,0.528,0.314,0.817,9.8,0.202,C,24.9,0.605,0.238,0.281,8.0,26.1,17.1,35.2,1.8,1.7,15.8,26.6,6.7,3.1,5.5,2.0,7.4,5.5,0.018
9,25,60,35.2,22.9,7.3,3.5,1.0,0.9,0.453,0.359,0.792,5.4,0.123,PF,17.9,0.554,0.331,0.274,3.3,18.3,11.0,16.4,1.4,2.5,10.7,28.1,1.8,3.6,1.3,0.5,1.8,2.0,0.017
10,30,58,33.8,19.9,6.7,6.0,1.8,0.6,0.455,0.244,0.834,9.0,0.221,SF,23.6,0.585,0.157,0.693,6.3,15.4,11.0,28.1,2.6,1.6,11.4,25.1,6.3,2.7,4.0,1.5,5.4,3.7,0.009
11,21,66,34.3,23.4,7.0,3.0,1.4,0.9,0.45,0.403,0.812,6.9,0.146,PF,20.4,0.567,0.383,0.255,3.1,18.5,10.9,14.5,2.0,2.3,10.2,28.6,3.2,3.7,3.5,0.6,4.0,3.4,0.001
